,count,mean,std,min,25%,50%,75%,max
Person ID,359.0,190.6100278551532,107.05526954405403,1.0,99.5,191.0,284.5,374.0
Age,359.0,42.428969359331475,8.609780510744311,27.0,36.0,43.0,50.0,59.0
Sleep Duration,359.0,7.149582172701949,0.7909357963015986,5.9,6.45,7.2,7.8,8.5
Quality of Sleep,359.0,7.376044568245125,1.1264146701731594,5.0,6.0,7.0,8.0,9.0
Physical Activity Level,359.0,59.598885793871865,20.79994088103421,30.0,45.0,60.0,75.0,90.0
Stress Level,359.0,5.348189415041783,1.7667603808528574,3.0,4.0,5.0,7.0,8.0
Heart Rate,359.0,69.62952646239555,3.2311883675756023,65.0,68.0,70.0,72.0,78.0
Daily Steps,359.0,6945.961002785515,1513.8943487025865,4100.0,6000.0,7000.0,8000.0,10000.0
